name,n_seeds,seeds,acc_mean,acc_std,bwt_mean,bwt_std,forgetting_mean,forgetting_std,asr_mean_mean,asr_mean_std,discovery_miss_rate_mean,discovery_miss_rate_std,fictitious_absorption_mean,fictitious_absorption_std,poison_novel_rate_mean,poison_novel_rate_std,absorbed_attack_rate_mean,absorbed_attack_rate_std,noise_rate_attack_mean,noise_rate_attack_std,n_fictitious_mean,n_fictitious_std
a1_buffer_1000,3,"1,2,42",0.373956,0.033090,-0.770052,0.041755,0.616042,0.033404,0.000072,0.000063,,,,,,,,,,,,
a2_classil,3,"1,2,42",0.249930,0.000024,-0.989960,0.000173,0.742470,0.000129,0.000000,0.000000,,,,,,,,,,,,
a3_order_alt,3,"1,2,123",0.505594,0.023839,-0.607410,0.029561,0.485928,0.023649,0.000018,0.000019,,,,,,,,,,,,
e1_clean,8,"1,2,3,4,5,6,42,123",0.336046,0.027382,-0.817366,0.034099,0.653893,0.027280,0.000000,0.000000,,,,,,,,,,,,
e1_derpp,7,"1,2,3,4,5,6,42",0.294085,0.032712,-0.869006,0.040847,0.695205,0.032677,0.000000,0.000000,,,,,,,,,,,,
e1_ewc,7,"1,2,3,4,5,6,42",0.321398,0.031224,-0.835045,0.039025,0.668036,0.031220,0.000000,0.000000,,,,,,,,,,,,
e1_finetune,7,"1,2,3,4,5,6,42",0.308278,0.025221,-0.851655,0.031298,0.681324,0.025038,0.000000,0.000000,,,,,,,,,,,,
e1_joint,7,"1,2,3,4,5,6,42",0.991071,0.000720,0.000000,0.000000,0.000000,0.000000,0.000000,0.000000,,,,,,,,,,,,
e1_lwf,7,"1,2,3,4,5,6,42",0.627330,0.018632,-0.307072,0.030630,0.245658,0.024504,0.000000,0.000000,,,,,,,,,,,,
e2_bufferflip,3,"1,2,42",0.330677,0.027372,-0.823823,0.033887,0.659058,0.027109,0.000037,0.000041,,,,,,,,,,,,
e2_labelflip,7,"1,2,3,4,5,6,42",0.317383,0.028097,-0.840449,0.034959,0.672359,0.027967,0.000067,0.000061,,,,,,,,,,,,
e2_labelflip_5pct,3,"1,2,42",0.320766,0.025299,-0.836159,0.031653,0.668927,0.025322,0.000120,0.000084,,,,,,,,,,,,
e2_labelflip_random_0.5pct,3,"1,2,42",0.278346,0.013155,-0.889020,0.016073,0.711216,0.012858,0.000000,0.000000,,,,,,,,,,,,
e3_backdoor,7,"1,2,3,4,5,6,42",0.288541,0.012518,-0.876429,0.015491,0.701143,0.012393,1.000000,0.000000,,,,,,,,,,,,
e4_novelty,7,"1,2,3,4,5,6,42",0.294829,0.021064,-0.867772,0.026826,0.694217,0.021461,0.000023,0.000050,0.637072,0.000020,0.010392,0.007774,0.841633,0.036097,0.000000,0.000000,0.173890,0.002198,11.914286,1.232110
e4_novelty_anchor,7,"1,2,3,4,5,6,42",0.275372,0.025471,-0.890435,0.032704,0.712348,0.026163,0.001481,0.000453,0.637072,0.000020,0.009721,0.003659,0.748316,0.028273,0.142590,0.076410,0.267173,0.014033,8.914286,0.397612
e4_novelty_nopois,7,"1,2,3,4,5,6,42",0.307205,0.018743,-0.853503,0.022972,0.682802,0.018377,0.000000,0.000000,0.637072,0.000020,0.000000,0.000000,0.000000,0.000000,0.000000,0.000000,0.175609,0.001150,0.000000,0.000000
e4_novelty_suppress,7,"1,2,3,4,5,6,42",0.311698,0.016163,-0.847269,0.020131,0.677815,0.016105,0.000040,0.000105,0.637072,0.000020,0.004082,0.006973,0.839683,0.035635,0.000000,0.000000,0.174472,0.001474,5.257143,0.650275
e6_defense_knnconsist,7,"1,2,3,4,5,6,42",0.277720,0.014226,-0.887194,0.018807,0.709755,0.015045,0.000069,0.000061,,,,,,,,,,,,
e6_defense_smallloss,7,"1,2,3,4,5,6,42",0.367042,0.036696,-0.687642,0.044952,0.550114,0.035961,0.030890,0.005450,,,,,,,,,,,,
