name,baseline,n,seeds,acc_mean,baseline_acc_mean,wilcoxon_stat,pvalue
e1_lwf,e1_clean,7,"1,2,3,4,5,6,42",0.627330,0.332513,0.0,0.015625
e1_ewc,e1_clean,7,"1,2,3,4,5,6,42",0.321398,0.332513,8.0,0.375
e1_finetune,e1_clean,7,"1,2,3,4,5,6,42",0.308278,0.332513,1.0,0.03125
e1_derpp,e1_clean,7,"1,2,3,4,5,6,42",0.294085,0.332513,2.0,0.046875
e1_joint,e1_clean,7,"1,2,3,4,5,6,42",0.991071,0.332513,0.0,0.015625
e2_labelflip,e1_clean,7,"1,2,3,4,5,6,42",0.317383,0.332513,1.0,0.03125
e3_backdoor,e1_clean,7,"1,2,3,4,5,6,42",0.288541,0.332513,1.0,0.03125
e4_novelty,e1_clean,7,"1,2,3,4,5,6,42",0.294829,0.332513,3.0,0.078125
e4_novelty_anchor,e4_novelty_nopois,7,"1,2,3,4,5,6,42",0.275372,0.307205,2.0,0.046875
e4_novelty_suppress,e1_clean,7,"1,2,3,4,5,6,42",0.311698,0.332513,5.0,0.15625
e6_defense_smallloss,e2_labelflip,7,"1,2,3,4,5,6,42",0.367042,0.317383,0.0,0.015625
e6_defense_knnconsist,e2_labelflip,7,"1,2,3,4,5,6,42",0.277720,0.317383,2.0,0.046875
a1_buffer_1000,e2_labelflip,3,"1,2,42",0.373956,0.309781,0.0,0.25
