name,method,attack,scenario,acc,bwt,fwt,forgetting,asr_mean,seed
a2_classil,er,label_flip,ci,0.199955,-0.841242,0.000000,0.672994,0.0,1
a2_classil,er,label_flip,ci,0.199958,-0.910971,0.000000,0.728777,0.0,2
a2_classil,er,label_flip,ci,0.199970,-0.903612,0.000000,0.722889,0.0,3
a2_classil,er,label_flip,ci,0.199958,-0.742800,0.000000,0.594240,0.0,4
a2_classil,er,label_flip,ci,0.199955,-0.914429,0.000000,0.731543,0.0,42
a2_classil,er,label_flip,ci,0.199958,-0.882126,0.000000,0.705701,0.0,5
a2_classil,er,label_flip,ci,0.199946,-0.911101,0.000000,0.728881,0.0,6
e1_clean,er,,cii,0.268052,-0.870118,0.000000,0.696095,0.0,1
e1_clean,er,,cii,0.284340,-0.850815,0.000000,0.680652,0.0,2
e1_clean,er,,cii,0.306047,-0.823080,0.000000,0.658464,0.0,3
e1_clean,er,,cii,0.352768,-0.763902,0.000000,0.611122,0.0,4
e1_clean,er,,cii,0.339098,-0.781193,0.000000,0.624955,0.0,42
e1_clean,er,,cii,0.317431,-0.807928,0.000000,0.646342,0.0,5
e1_clean,er,,cii,0.363156,-0.751519,0.000000,0.601215,0.0,6
e1_derpp,derpp,,cii,0.243500,-0.899678,0.000000,0.719742,0.0,1
e1_derpp,derpp,,cii,0.285053,-0.847609,0.000000,0.678088,0.0,2
e1_derpp,derpp,,cii,0.272363,-0.863278,0.000000,0.690623,0.0,3
e1_derpp,derpp,,cii,0.288861,-0.842440,0.000000,0.673952,0.0,4
e1_derpp,derpp,,cii,0.289051,-0.842132,0.000000,0.673705,0.0,42
e1_derpp,derpp,,cii,0.273533,-0.861794,0.000000,0.689435,0.0,5
e1_derpp,derpp,,cii,0.265887,-0.873543,0.000000,0.698834,0.0,6
e1_ewc,ewc,,cii,0.299367,-0.828696,0.000000,0.662957,0.0,1
e1_ewc,ewc,,cii,0.272345,-0.864708,0.000000,0.691766,0.0,2
e1_ewc,ewc,,cii,0.358108,-0.756790,0.000000,0.605432,0.0,3
e1_ewc,ewc,,cii,0.317244,-0.807932,0.000000,0.646345,0.0,4
e1_ewc,ewc,,cii,0.321046,-0.804092,0.000000,0.643273,0.0,42
e1_ewc,ewc,,cii,0.292264,-0.839202,0.000000,0.671362,0.0,5
e1_ewc,ewc,,cii,0.289005,-0.843531,0.000000,0.674825,0.0,6
e1_finetune_frozen,finetune,,cii,0.537782,-0.527870,0.000000,0.422296,0.0,1
e1_finetune_frozen,finetune,,cii,0.536714,-0.528685,0.000000,0.422948,0.0,2
e1_finetune_frozen,finetune,,cii,0.544335,-0.520413,0.000000,0.416330,0.0,3
e1_finetune_frozen,finetune,,cii,0.559931,-0.500132,0.000000,0.400106,0.0,4
e1_finetune_frozen,finetune,,cii,0.547585,-0.516622,0.000000,0.413298,0.0,42
e1_finetune_frozen,finetune,,cii,0.544459,-0.517924,0.000000,0.414339,0.0,5
e1_finetune_frozen,finetune,,cii,0.536514,-0.530810,0.000000,0.424648,0.0,6
e1_finetune,finetune,,cii,0.273249,-0.863663,0.000000,0.690931,0.0,1
e1_finetune,finetune,,cii,0.302438,-0.827166,0.000000,0.661733,0.0,2
e1_finetune,finetune,,cii,0.299824,-0.829553,0.000000,0.663642,0.0,3
e1_finetune,finetune,,cii,0.314441,-0.810556,0.000000,0.648445,0.0,4
e1_finetune,finetune,,cii,0.281706,-0.853115,0.000000,0.682492,0.0,42
e1_finetune,finetune,,cii,0.305140,-0.821960,0.000000,0.657568,0.0,5
e1_finetune,finetune,,cii,0.316873,-0.808955,0.000000,0.647164,0.0,6
e1_joint,joint,,cii,0.968599,0.000000,0.000000,0.000000,0.0,1
e1_joint,joint,,cii,0.967620,0.000000,0.000000,0.000000,0.0,2
e1_joint,joint,,cii,0.967771,0.000000,0.000000,0.000000,0.0,3
e1_joint,joint,,cii,0.968668,0.000000,0.000000,0.000000,0.0,4
e1_joint,joint,,cii,0.968533,0.000000,0.000000,0.000000,0.0,42
e1_joint,joint,,cii,0.968579,0.000000,0.000000,0.000000,0.0,5
e1_joint,joint,,cii,0.967109,0.000000,0.000000,0.000000,0.0,6
e1_lwf,lwf,,cii,0.597745,-0.315658,0.000000,0.252527,0.0,1
e1_lwf,lwf,,cii,0.574917,-0.343825,0.000000,0.275060,0.0,2
e1_lwf,lwf,,cii,0.569032,-0.370977,0.000000,0.296782,0.0,3
e1_lwf,lwf,,cii,0.569012,-0.297466,0.000000,0.237973,0.0,4
e1_lwf,lwf,,cii,0.561186,-0.364075,0.000000,0.291260,0.0,42
e1_lwf,lwf,,cii,0.568544,-0.357551,0.000000,0.286041,0.0,5
e1_lwf,lwf,,cii,0.581812,-0.364424,0.000000,0.291539,0.0,6
e2_bufferflip,er,label_flip,cii,0.270156,-0.867619,0.000000,0.694095,1.1570949203532997e-05,1
e2_bufferflip,er,label_flip,cii,0.289147,-0.844312,0.000000,0.675450,1.542793227137733e-05,2
e2_bufferflip,er,label_flip,cii,0.306623,-0.822566,0.000000,0.658052,1.542793227137733e-05,3
e2_bufferflip,er,label_flip,cii,0.345923,-0.772601,0.000000,0.618081,0.0001079955258996413,4
e2_bufferflip,er,label_flip,cii,0.334574,-0.785423,0.000000,0.628338,8.485362749257531e-05,42
e2_bufferflip,er,label_flip,cii,0.298169,-0.832252,0.000000,0.665801,1.9284915339221662e-05,5
e2_bufferflip,er,label_flip,cii,0.338524,-0.782301,0.000000,0.625841,1.9284915339221662e-05,6
e2_labelflip_5pct,er,label_flip,cii,0.289282,-0.844503,0.000000,0.675603,2.3141898407065993e-05,1
e2_labelflip_5pct,er,label_flip,cii,0.250689,-0.893348,0.000000,0.714678,0.00015813630578161763,2
e2_labelflip_5pct,er,label_flip,cii,0.358614,-0.757226,0.000000,0.605781,9.64245766961083e-05,3
e2_labelflip_5pct,er,label_flip,cii,0.289341,-0.845747,0.000000,0.676598,0.00027770278088479195,4
e2_labelflip_5pct,er,label_flip,cii,0.328043,-0.796990,0.000000,0.637592,0.00017742122112083928,42
e2_labelflip_5pct,er,label_flip,cii,0.274690,-0.860984,0.000000,0.688787,1.9284915339221662e-05,5
e2_labelflip_5pct,er,label_flip,cii,0.298456,-0.834698,0.000000,0.667758,1.542793227137733e-05,6
e2_labelflip_random_0.5pct,er,label_flip,cii,0.268687,-0.869327,0.000000,0.695462,0.0,1
e2_labelflip_random_0.5pct,er,label_flip,cii,0.254830,-0.888117,0.000000,0.710493,0.0,2
e2_labelflip_random_0.5pct,er,label_flip,cii,0.292799,-0.839706,0.000000,0.671765,0.0,3
e2_labelflip_random_0.5pct,er,label_flip,cii,0.295698,-0.834973,0.000000,0.667978,0.0,4
e2_labelflip_random_0.5pct,er,label_flip,cii,0.289034,-0.843427,0.000000,0.674742,0.0,42
e2_labelflip_random_0.5pct,er,label_flip,cii,0.272379,-0.864211,0.000000,0.691369,0.0,5
e2_labelflip_random_0.5pct,er,label_flip,cii,0.277323,-0.859830,0.000000,0.687864,0.0,6
e2_labelflip,er,label_flip,cii,0.306613,-0.821760,0.000000,0.657408,1.542793227137733e-05,1
e2_labelflip,er,label_flip,cii,0.270974,-0.867605,0.000000,0.694084,0.00015813630578161763,2
e2_labelflip,er,label_flip,cii,0.323490,-0.801243,0.000000,0.640995,1.1570949203532997e-05,3
e2_labelflip,er,label_flip,cii,0.290198,-0.843627,0.000000,0.674902,0.0001195664751031743,4
e2_labelflip,er,label_flip,cii,0.348652,-0.770817,0.000000,0.616654,0.00011185250896748563,42
e2_labelflip,er,label_flip,cii,0.294857,-0.836973,0.000000,0.669579,1.9284915339221662e-05,5
e2_labelflip,er,label_flip,cii,0.314295,-0.814002,0.000000,0.651202,3.085586454275466e-05,6
e3_backdoor,er,backdoor,cii,0.282360,-0.853030,0.000000,0.682424,1.0,1
e3_backdoor,er,backdoor,cii,0.251243,-0.891715,0.000000,0.713372,1.0,2
e3_backdoor,er,backdoor,cii,0.258306,-0.882389,0.000000,0.705911,1.0,3
e3_backdoor,er,backdoor,cii,0.316753,-0.810412,0.000000,0.648330,1.0,4
e3_backdoor,er,backdoor,cii,0.294503,-0.835877,0.000000,0.668702,1.0,42
e3_backdoor,er,backdoor,cii,0.273218,-0.862272,0.000000,0.689817,1.0,5
e3_backdoor,er,backdoor,cii,0.294611,-0.837952,0.000000,0.670362,1.0,6
e4_novelty_anchor,er,novelty,cii,0.262223,-0.874696,0.000000,0.699757,0.001656007372037788,1
e4_novelty_anchor,er,novelty,cii,0.246637,-0.895615,0.000000,0.716492,0.0011718077065291754,2
e4_novelty_anchor,er,novelty,cii,0.286748,-0.843563,0.000000,0.674850,0.0015990313638193734,3
e4_novelty_anchor,er,novelty,cii,0.280287,-0.852602,0.000000,0.682082,0.0015233516235839267,4
e4_novelty_anchor,er,novelty,cii,0.248744,-0.891610,0.000000,0.713288,0.0018903556070293238,42
e4_novelty_anchor,er,novelty,cii,0.336411,-0.780513,0.000000,0.624410,0.0016136915107218118,5
e4_novelty_anchor,er,novelty,cii,0.258545,-0.881449,0.000000,0.705160,0.001658472881720183,6
e4_novelty_nopois,er,novelty,cii,0.267213,-0.871596,0.000000,0.697277,0.0,1
e4_novelty_nopois,er,novelty,cii,0.284536,-0.850793,0.000000,0.680635,0.0,2
e4_novelty_nopois,er,novelty,cii,0.318408,-0.807937,0.000000,0.646349,0.0,3
e4_novelty_nopois,er,novelty,cii,0.298840,-0.829252,0.000000,0.663402,0.0,4
e4_novelty_nopois,er,novelty,cii,0.290251,-0.842673,0.000000,0.674138,0.0,42
e4_novelty_nopois,er,novelty,cii,0.305744,-0.823657,0.000000,0.658925,0.0,5
e4_novelty_nopois,er,novelty,cii,0.342221,-0.779255,0.000000,0.623404,0.0,6
e4_novelty,er,novelty,cii,0.272138,-0.864339,0.000000,0.691471,0.0,1
e4_novelty,er,novelty,cii,0.335120,-0.785598,0.000000,0.628479,2.9543406650220837e-06,2
e4_novelty,er,novelty,cii,0.286612,-0.844524,0.000000,0.675619,0.0,3
e4_novelty,er,novelty,cii,0.307870,-0.820530,0.000000,0.656424,0.0,4
e4_novelty,er,novelty,cii,0.268083,-0.869202,0.000000,0.695362,0.0,42
e4_novelty,er,novelty,cii,0.337426,-0.779520,0.000000,0.623616,0.00020462659890437582,5
e4_novelty,er,novelty,cii,0.276126,-0.860304,0.000000,0.688243,3.3541851845640397e-06,6
e4_novelty_suppress,er,novelty,cii,0.312084,-0.815459,0.000000,0.652368,0.0,1
e4_novelty_suppress,er,novelty,cii,0.287106,-0.845169,0.000000,0.676135,0.0,2
e4_novelty_suppress,er,novelty,cii,0.319386,-0.805763,0.000000,0.644610,0.0,3
e4_novelty_suppress,er,novelty,cii,0.316652,-0.808350,0.000000,0.646680,2.9543406650220837e-06,4
e4_novelty_suppress,er,novelty,cii,0.275682,-0.861490,0.000000,0.689192,0.0,42
e4_novelty_suppress,er,novelty,cii,0.301961,-0.826907,0.000000,0.661525,1.006255555369212e-05,5
e4_novelty_suppress,er,novelty,cii,0.297024,-0.835164,0.000000,0.668131,0.0,6
e6_defense_knnconsist,er,label_flip+defense,cii,0.272616,-0.860976,0.000000,0.688780,1.542793227137733e-05,1
e6_defense_knnconsist,er,label_flip+defense,cii,0.253800,-0.886556,0.000000,0.709245,0.00018127820418868362,2
e6_defense_knnconsist,er,label_flip+defense,cii,0.255396,-0.885292,0.000000,0.708234,9.256759362826397e-05,3
e6_defense_knnconsist,er,label_flip+defense,cii,0.293227,-0.833941,0.000000,0.667153,1.542793227137733e-05,4
e6_defense_knnconsist,er,label_flip+defense,cii,0.234684,-0.910836,0.000000,0.728669,9.256759362826397e-05,42
e6_defense_knnconsist,er,label_flip+defense,cii,0.257129,-0.878637,0.000000,0.702910,6.942569522119799e-05,5
e6_defense_knnconsist,er,label_flip+defense,cii,0.261815,-0.875371,0.000000,0.700297,1.542793227137733e-05,6
e6_defense_smallloss,er,label_flip+defense,cii,0.354346,-0.665071,0.000000,0.532057,0.02298761908435222,1
e6_defense_smallloss,er,label_flip+defense,cii,0.326460,-0.707996,0.000000,0.566397,0.028317969684113087,2
e6_defense_smallloss,er,label_flip+defense,cii,0.378796,-0.654294,0.000000,0.523435,0.02594592509738882,3
e6_defense_smallloss,er,label_flip+defense,cii,0.392563,-0.599524,0.000000,0.479619,0.03395302194623366,4
e6_defense_smallloss,er,label_flip+defense,cii,0.350252,-0.650226,0.000000,0.520181,0.03716974582481583,42
e6_defense_smallloss,er,label_flip+defense,cii,0.309121,-0.701570,0.000000,0.561256,0.03097543101785783,5
e6_defense_smallloss,er,label_flip+defense,cii,0.434532,-0.568126,0.000000,0.454501,0.03688047209472751,6
f2_fed_derpp_p0_b100,derpp,,cii,0.331953,-0.582195,0.000000,0.465756,0.0,1
f2_fed_derpp_p0_b100,derpp,,cii,0.215095,-0.718327,0.000000,0.574661,0.0,2
f2_fed_derpp_p0_b100,derpp,,cii,0.199103,-0.726898,0.000000,0.581519,0.0,3
f2_fed_derpp_p0_b100,derpp,,cii,0.215614,-0.730648,0.000000,0.584518,0.0,4
f2_fed_derpp_p0_b100,derpp,,cii,0.206532,-0.742143,0.000000,0.593714,0.0,42
f2_fed_derpp_p0_b100,derpp,,cii,0.294634,-0.625936,0.000000,0.500749,0.0,5
f2_fed_derpp_p0_b100,derpp,,cii,0.229890,-0.687958,0.000000,0.550366,0.0,6
f2_fed_derpp_p0,derpp,,cii,0.245408,-0.693575,0.000000,0.554860,0.0,1
f2_fed_derpp_p0,derpp,,cii,0.222559,-0.711138,0.000000,0.568910,0.0,2
f2_fed_derpp_p0,derpp,,cii,0.201643,-0.715445,0.000000,0.572356,0.0,3
f2_fed_derpp_p0,derpp,,cii,0.205607,-0.744766,0.000000,0.595813,0.0,4
f2_fed_derpp_p0,derpp,,cii,0.202135,-0.746750,0.000000,0.597400,0.0,42
f2_fed_derpp_p0,derpp,,cii,0.250685,-0.683592,0.000000,0.546874,0.0,5
f2_fed_derpp_p0,derpp,,cii,0.241881,-0.678470,0.000000,0.542776,0.0,6
f2_fed_derpp_p10_b100,derpp,label_flip,cii,0.336489,-0.577602,0.000000,0.462082,0.0,1
f2_fed_derpp_p10_b100,derpp,label_flip,cii,0.210911,-0.725717,0.000000,0.580574,0.0001928491533922166,2
f2_fed_derpp_p10_b100,derpp,label_flip,cii,0.198896,-0.728890,0.000000,0.583112,0.0,3
f2_fed_derpp_p10_b100,derpp,label_flip,cii,0.212932,-0.734017,0.000000,0.587214,0.0,4
f2_fed_derpp_p10_b100,derpp,label_flip,cii,0.206414,-0.742236,0.000000,0.593789,0.0,42
f2_fed_derpp_p10_b100,derpp,label_flip,cii,0.293339,-0.627558,0.000000,0.502047,0.0,5
f2_fed_derpp_p10_b100,derpp,label_flip,cii,0.219005,-0.714780,0.000000,0.571824,0.0,6
f2_fed_derpp_p10,derpp,label_flip,cii,0.246497,-0.692503,0.000000,0.554002,0.0,1
f2_fed_derpp_p10,derpp,label_flip,cii,0.220253,-0.714592,0.000000,0.571673,0.00015813630578161763,2
f2_fed_derpp_p10,derpp,label_flip,cii,0.200431,-0.725252,0.000000,0.580202,0.0,3
f2_fed_derpp_p10,derpp,label_flip,cii,0.205639,-0.744753,0.000000,0.595802,0.0,4
f2_fed_derpp_p10,derpp,label_flip,cii,0.202955,-0.745841,0.000000,0.596673,0.0,42
f2_fed_derpp_p10,derpp,label_flip,cii,0.250815,-0.683425,0.000000,0.546740,3.856983067844333e-06,5
f2_fed_derpp_p10,derpp,label_flip,cii,0.228409,-0.706900,0.000000,0.565520,0.0,6
f2_fed_derpp_p1,derpp,label_flip,cii,0.245270,-0.693751,0.000000,0.555001,0.0,1
f2_fed_derpp_p1,derpp,label_flip,cii,0.221305,-0.712949,0.000000,0.570359,0.00015813630578161763,2
f2_fed_derpp_p1,derpp,label_flip,cii,0.201096,-0.716067,0.000000,0.572854,0.0,3
f2_fed_derpp_p1,derpp,label_flip,cii,0.205018,-0.745496,0.000000,0.596397,0.0,4
f2_fed_derpp_p1,derpp,label_flip,cii,0.202164,-0.746721,0.000000,0.597377,0.0,42
f2_fed_derpp_p1,derpp,label_flip,cii,0.250815,-0.683425,0.000000,0.546740,3.856983067844333e-06,5
f2_fed_derpp_p1,derpp,label_flip,cii,0.237653,-0.689143,0.000000,0.551314,0.0,6
f2_fed_derpp_p5,derpp,label_flip,cii,0.246950,-0.691922,0.000000,0.553537,0.0,1
f2_fed_derpp_p5,derpp,label_flip,cii,0.220068,-0.714596,0.000000,0.571677,0.00015813630578161763,2
f2_fed_derpp_p5,derpp,label_flip,cii,0.201160,-0.720712,0.000000,0.576570,0.0,3
f2_fed_derpp_p5,derpp,label_flip,cii,0.206416,-0.743752,0.000000,0.595002,0.0,4
f2_fed_derpp_p5,derpp,label_flip,cii,0.202167,-0.746725,0.000000,0.597380,0.0,42
f2_fed_derpp_p5,derpp,label_flip,cii,0.250815,-0.683425,0.000000,0.546740,3.856983067844333e-06,5
f2_fed_derpp_p5,derpp,label_flip,cii,0.233734,-0.697412,0.000000,0.557929,0.0,6
f2_fed_ewc_p0,ewc,,cii,0.403528,-0.497341,0.000000,0.397873,0.0,1
f2_fed_ewc_p0,ewc,,cii,0.374849,-0.524295,0.000000,0.419436,0.0,2
f2_fed_ewc_p0,ewc,,cii,0.213152,-0.721826,0.000000,0.577461,0.0,3
f2_fed_ewc_p0,ewc,,cii,0.264887,-0.670262,0.000000,0.536210,0.0,4
f2_fed_ewc_p0,ewc,,cii,0.244084,-0.698454,0.000000,0.558763,0.0,42
f2_fed_ewc_p0,ewc,,cii,0.306980,-0.612887,0.000000,0.490310,0.0,5
f2_fed_ewc_p0,ewc,,cii,0.347802,-0.566321,0.000000,0.453057,0.0,6
f2_fed_ewc_p10,ewc,label_flip,cii,0.408928,-0.490906,0.000000,0.392725,0.0,1
f2_fed_ewc_p10,ewc,label_flip,cii,0.366895,-0.534217,0.000000,0.427373,0.0004975508157519188,2
f2_fed_ewc_p10,ewc,label_flip,cii,0.221142,-0.711852,0.000000,0.569482,0.00043583908666640955,3
f2_fed_ewc_p10,ewc,label_flip,cii,0.256810,-0.680324,0.000000,0.544259,0.0001465653565780846,4
f2_fed_ewc_p10,ewc,label_flip,cii,0.252517,-0.687968,0.000000,0.550375,3.856983067844333e-06,42
f2_fed_ewc_p10,ewc,label_flip,cii,0.304478,-0.616014,0.000000,0.492811,0.0,5
f2_fed_ewc_p10,ewc,label_flip,cii,0.295120,-0.630291,0.000000,0.504233,0.0001465653565780846,6
f2_fed_ewc_p1,ewc,label_flip,cii,0.403802,-0.497037,0.000000,0.397630,0.0,1
f2_fed_ewc_p1,ewc,label_flip,cii,0.374875,-0.524266,0.000000,0.419413,0.0004782659004126972,2
f2_fed_ewc_p1,ewc,label_flip,cii,0.213883,-0.720925,0.000000,0.576740,0.0004474100358699425,3
f2_fed_ewc_p1,ewc,label_flip,cii,0.272020,-0.661388,0.000000,0.529110,0.0001465653565780846,4
f2_fed_ewc_p1,ewc,label_flip,cii,0.244146,-0.698373,0.000000,0.558698,3.856983067844333e-06,42
f2_fed_ewc_p1,ewc,label_flip,cii,0.304478,-0.616014,0.000000,0.492811,0.0,5
f2_fed_ewc_p1,ewc,label_flip,cii,0.325977,-0.593527,0.000000,0.474822,0.0001465653565780846,6
f2_fed_ewc_p5,ewc,label_flip,cii,0.407573,-0.492541,0.000000,0.394033,0.0,1
f2_fed_ewc_p5,ewc,label_flip,cii,0.372560,-0.527135,0.000000,0.421708,0.0004975508157519188,2
f2_fed_ewc_p5,ewc,label_flip,cii,0.222139,-0.710601,0.000000,0.568480,0.0004165541713271879,3
f2_fed_ewc_p5,ewc,label_flip,cii,0.259453,-0.677019,0.000000,0.541615,0.0001465653565780846,4
f2_fed_ewc_p5,ewc,label_flip,cii,0.243384,-0.699319,0.000000,0.559455,3.856983067844333e-06,42
f2_fed_ewc_p5,ewc,label_flip,cii,0.304478,-0.616014,0.000000,0.492811,0.0,5
f2_fed_ewc_p5,ewc,label_flip,cii,0.305714,-0.618570,0.000000,0.494856,0.0001465653565780846,6
f2_fed_finetune_p0,finetune,,cii,0.287646,-0.641460,0.000000,0.513168,0.0,1
f2_fed_finetune_p0,finetune,,cii,0.204491,-0.737961,0.000000,0.590369,0.0,2
f2_fed_finetune_p0,finetune,,cii,0.197948,-0.732875,0.000000,0.586300,0.0,3
f2_fed_finetune_p0,finetune,,cii,0.229847,-0.716381,0.000000,0.573105,0.0,4
f2_fed_finetune_p0,finetune,,cii,0.203099,-0.747014,0.000000,0.597611,0.0,42
f2_fed_finetune_p0,finetune,,cii,0.223899,-0.718062,0.000000,0.574450,0.0,5
f2_fed_finetune_p0,finetune,,cii,0.224486,-0.720441,0.000000,0.576353,0.0,6
f2_fed_finetune_p10,finetune,label_flip,cii,0.283758,-0.646585,0.000000,0.517268,0.0,1
f2_fed_finetune_p10,finetune,label_flip,cii,0.205444,-0.737601,0.000000,0.590081,7.32826782890423e-05,2
f2_fed_finetune_p10,finetune,label_flip,cii,0.197723,-0.739726,0.000000,0.591781,0.0,3
f2_fed_finetune_p10,finetune,label_flip,cii,0.229705,-0.716570,0.000000,0.573256,0.0,4
f2_fed_finetune_p10,finetune,label_flip,cii,0.202758,-0.747436,0.000000,0.597949,3.856983067844333e-06,42
f2_fed_finetune_p10,finetune,label_flip,cii,0.223862,-0.718112,0.000000,0.574490,3.856983067844333e-06,5
f2_fed_finetune_p10,finetune,label_flip,cii,0.216058,-0.731107,0.000000,0.584886,3.856983067844333e-06,6
f2_fed_finetune_p1,finetune,label_flip,cii,0.287313,-0.641913,0.000000,0.513531,0.0,1
f2_fed_finetune_p1,finetune,label_flip,cii,0.205131,-0.737550,0.000000,0.590040,6.942569522119799e-05,2
f2_fed_finetune_p1,finetune,label_flip,cii,0.198067,-0.736722,0.000000,0.589378,0.0,3
f2_fed_finetune_p1,finetune,label_flip,cii,0.229952,-0.716265,0.000000,0.573012,0.0,4
f2_fed_finetune_p1,finetune,label_flip,cii,0.203186,-0.746902,0.000000,0.597522,3.856983067844333e-06,42
f2_fed_finetune_p1,finetune,label_flip,cii,0.223862,-0.718112,0.000000,0.574490,3.856983067844333e-06,5
f2_fed_finetune_p1,finetune,label_flip,cii,0.221914,-0.723861,0.000000,0.579088,3.856983067844333e-06,6
f2_fed_finetune_p5,finetune,label_flip,cii,0.283529,-0.646861,0.000000,0.517489,0.0,1
f2_fed_finetune_p5,finetune,label_flip,cii,0.206021,-0.736727,0.000000,0.589382,7.32826782890423e-05,2
f2_fed_finetune_p5,finetune,label_flip,cii,0.197859,-0.738649,0.000000,0.590920,0.0,3
f2_fed_finetune_p5,finetune,label_flip,cii,0.229343,-0.717007,0.000000,0.573606,0.0,4
f2_fed_finetune_p5,finetune,label_flip,cii,0.202759,-0.747432,0.000000,0.597945,3.856983067844333e-06,42
f2_fed_finetune_p5,finetune,label_flip,cii,0.223862,-0.718112,0.000000,0.574490,3.856983067844333e-06,5
f2_fed_finetune_p5,finetune,label_flip,cii,0.217650,-0.729025,0.000000,0.583220,3.856983067844333e-06,6
f4_fed_derpp_p10_sl,derpp,label_flip+defense,cii,0.257988,-0.598183,0.000000,0.478546,0.019778609171905735,1
f4_fed_derpp_p10_sl,derpp,label_flip+defense,cii,0.201095,-0.656850,0.000000,0.525480,0.03603964978593744,2
f4_fed_derpp_p10_sl,derpp,label_flip+defense,cii,0.198832,-0.656254,0.000000,0.525004,0.034959694526941025,3
f4_fed_derpp_p10_sl,derpp,label_flip+defense,cii,0.214102,-0.654285,0.000000,0.523428,0.022787055964824315,4
f4_fed_derpp_p10_sl,derpp,label_flip+defense,cii,0.217829,-0.646433,0.000000,0.517147,0.020295444902996874,42
f4_fed_derpp_p10_sl,derpp,label_flip+defense,cii,0.254041,-0.601143,0.000000,0.480914,0.022841053727774136,5
f4_fed_derpp_p10_sl,derpp,label_flip+defense,cii,0.262467,-0.575245,0.000000,0.460196,0.03669147992440313,6
f4_fed_derpp_p5_sl,derpp,label_flip+defense,cii,0.262075,-0.593104,0.000000,0.474483,0.019778609171905735,1
f4_fed_derpp_p5_sl,derpp,label_flip+defense,cii,0.199941,-0.657786,0.000000,0.526229,0.03561152466540672,2
f4_fed_derpp_p5_sl,derpp,label_flip+defense,cii,0.198696,-0.656612,0.000000,0.525290,0.0343310062868824,3
f4_fed_derpp_p5_sl,derpp,label_flip+defense,cii,0.223987,-0.642051,0.000000,0.513641,0.022787055964824315,4
f4_fed_derpp_p5_sl,derpp,label_flip+defense,cii,0.228308,-0.633508,0.000000,0.506806,0.020241447140047057,42
f4_fed_derpp_p5_sl,derpp,label_flip+defense,cii,0.254041,-0.601143,0.000000,0.480914,0.022841053727774136,5
f4_fed_derpp_p5_sl,derpp,label_flip+defense,cii,0.259991,-0.579125,0.000000,0.463300,0.03593936822617348,6
f4_fed_ewc_p10_sl,ewc,label_flip+defense,cii,0.451123,-0.331165,0.000000,0.264932,0.01992517452848382,1
f4_fed_ewc_p10_sl,ewc,label_flip+defense,cii,0.559983,-0.151126,0.000000,0.120901,0.03659119836463918,2
f4_fed_ewc_p10_sl,ewc,label_flip+defense,cii,0.252076,-0.592643,0.000000,0.474115,0.033960735912369346,3
f4_fed_ewc_p10_sl,ewc,label_flip+defense,cii,0.404674,-0.388616,0.000000,0.310893,0.02491611061827439,4
f4_fed_ewc_p10_sl,ewc,label_flip+defense,cii,0.401466,-0.415074,0.000000,0.332059,0.023438886103290008,42
f4_fed_ewc_p10_sl,ewc,label_flip+defense,cii,0.516528,-0.248947,0.000000,0.199158,0.02120569290700814,5
f4_fed_ewc_p10_sl,ewc,label_flip+defense,cii,0.362579,-0.453731,0.000000,0.362985,0.0367493346704208,6
f4_fed_ewc_p5_sl,ewc,label_flip+defense,cii,0.451096,-0.333389,0.000000,0.266711,0.019921317545415977,1
f4_fed_ewc_p5_sl,ewc,label_flip+defense,cii,0.560597,-0.148586,0.000000,0.118869,0.035947082192309174,2
f4_fed_ewc_p5_sl,ewc,label_flip+defense,cii,0.260430,-0.582197,0.000000,0.465758,0.03381031357272342,3
f4_fed_ewc_p5_sl,ewc,label_flip+defense,cii,0.404687,-0.388635,0.000000,0.310908,0.02488139777066379,4
f4_fed_ewc_p5_sl,ewc,label_flip+defense,cii,0.394938,-0.423232,0.000000,0.338585,0.02339645928954372,42
f4_fed_ewc_p5_sl,ewc,label_flip+defense,cii,0.516528,-0.248947,0.000000,0.199158,0.02120569290700814,5
f4_fed_ewc_p5_sl,ewc,label_flip+defense,cii,0.361010,-0.454809,0.000000,0.363847,0.03651020172021445,6
f4_fed_finetune_p10_sl,finetune,label_flip+defense,cii,0.288565,-0.559689,0.000000,0.447751,0.019832606934855557,1
f4_fed_finetune_p10_sl,finetune,label_flip+defense,cii,0.317940,-0.486699,0.000000,0.389359,0.032001388513904425,2
f4_fed_finetune_p10_sl,finetune,label_flip+defense,cii,0.202488,-0.652262,0.000000,0.521810,0.034253866625525514,3
f4_fed_finetune_p10_sl,finetune,label_flip+defense,cii,0.223720,-0.637254,0.000000,0.509803,0.024426273768658156,4
f4_fed_finetune_p10_sl,finetune,label_flip+defense,cii,0.221362,-0.639919,0.000000,0.511935,0.023091757627184017,42
f4_fed_finetune_p10_sl,finetune,label_flip+defense,cii,0.322362,-0.484825,0.000000,0.387860,0.020873992363173527,5
f4_fed_finetune_p10_sl,finetune,label_flip+defense,cii,0.258485,-0.581108,0.000000,0.464887,0.035912369344698575,6
f4_fed_finetune_p5_sl,finetune,label_flip+defense,cii,0.281817,-0.568095,0.000000,0.454476,0.019832606934855557,1
f4_fed_finetune_p5_sl,finetune,label_flip+defense,cii,0.299148,-0.512241,0.000000,0.409793,0.029953330504879083,2
f4_fed_finetune_p5_sl,finetune,label_flip+defense,cii,0.200361,-0.654850,0.000000,0.523880,0.03403401859065839,3
f4_fed_finetune_p5_sl,finetune,label_flip+defense,cii,0.220068,-0.641785,0.000000,0.513428,0.024406988853318934,4
f4_fed_finetune_p5_sl,finetune,label_flip+defense,cii,0.217965,-0.644163,0.000000,0.515330,0.023045473830369884,42
f4_fed_finetune_p5_sl,finetune,label_flip+defense,cii,0.322362,-0.484825,0.000000,0.387860,0.020873992363173527,5
f4_fed_finetune_p5_sl,finetune,label_flip+defense,cii,0.271604,-0.564728,0.000000,0.451783,0.03535310679986115,6
e1_finetune_c,finetune,,cii,0.518538,-0.543449,0.000000,0.434759,0.0,42
e1_finetune_gh,finetune,,cii,0.531168,-0.527362,0.000000,0.421890,0.0,42
e1_clean_c,er,,cii,0.521088,-0.547816,0.000000,0.438253,0.0,1
e1_clean_c,er,,cii,0.509842,-0.557117,0.000000,0.445694,0.0,2
e1_clean_c,er,,cii,0.544244,-0.526653,0.000000,0.421322,0.0,3
e1_clean_c,er,,cii,0.509171,-0.567608,0.000000,0.454086,0.0,4
e1_clean_c,er,,cii,0.511220,-0.562837,0.000000,0.450270,0.0,5
e1_clean_c,er,,cii,0.511841,-0.563371,0.000000,0.450697,0.0,6
