name,baseline,family,n,seeds,acc_mean,baseline_acc_mean,diff_mean,diff_ci_lo,diff_ci_hi,wilcoxon_stat,pvalue,effect_r,p_holm
e1_lwf,e1_clean,e_single_node,7,"1,2,3,4,5,6,42",0.574607,0.318699,0.255908,0.229082,0.287144,0.0,0.015625,1.0,0.1875
e1_ewc,e1_clean,e_single_node,7,"1,2,3,4,5,6,42",0.307054,0.318699,-0.011645,-0.039625,0.017418,10.0,0.578125,-0.2857142857142857,1.0
e1_finetune,e1_clean,e_single_node,7,"1,2,3,4,5,6,42",0.299096,0.318699,-0.019603,-0.038737,-0.000488,5.0,0.15625,-0.6428571428571429,0.78125
e1_derpp,e1_clean,e_single_node,7,"1,2,3,4,5,6,42",0.274035,0.318699,-0.044664,-0.066713,-0.024293,1.0,0.03125,-0.9285714285714286,0.28125
e1_joint,e1_clean,e_single_node,7,"1,2,3,4,5,6,42",0.968126,0.318699,0.649427,0.625753,0.673832,0.0,0.015625,1.0,0.1875
e2_labelflip,e1_clean,e_single_node,7,"1,2,3,4,5,6,42",0.307011,0.318699,-0.011687,-0.036438,0.012678,9.0,0.46875,-0.35714285714285715,1.0
e3_backdoor,e1_clean,e_single_node,7,"1,2,3,4,5,6,42",0.281571,0.318699,-0.037128,-0.052408,-0.017599,1.0,0.03125,-0.9285714285714286,0.28125
e4_novelty,e1_clean,e_single_node,7,"1,2,3,4,5,6,42",0.297625,0.318699,-0.021074,-0.055127,0.012980,9.0,0.46875,-0.35714285714285715,1.0
e4_novelty_anchor,e4_novelty_nopois,e_single_node,7,"1,2,3,4,5,6,42",0.274228,0.301031,-0.026803,-0.050602,-0.002545,3.0,0.078125,-0.7857142857142857,0.46875
e4_novelty_suppress,e1_clean,e_single_node,7,"1,2,3,4,5,6,42",0.301414,0.318699,-0.017285,-0.044654,0.010951,8.0,0.375,-0.42857142857142855,1.0
e6_defense_smallloss,e2_labelflip,e_single_node,7,"1,2,3,4,5,6,42",0.363724,0.307011,0.056713,0.028013,0.086622,0.0,0.015625,1.0,0.1875
e6_defense_knnconsist,e2_labelflip,e_single_node,7,"1,2,3,4,5,6,42",0.261238,0.307011,-0.045773,-0.072279,-0.021662,1.0,0.03125,-0.9285714285714286,0.28125
f2_fed_ewc_p0,f2_fed_finetune_p0,f2_headline,7,"1,2,3,4,5,6,42",0.307897,0.224488,0.083409,0.046860,0.122871,0.0,0.015625,1.0,0.125
f2_fed_derpp_p0,f2_fed_finetune_p0,f2_headline,7,"1,2,3,4,5,6,42",0.224274,0.224488,-0.000214,-0.018102,0.015594,13.0,0.9375,0.07142857142857142,1.0
f2_fed_finetune_p5,f2_fed_finetune_p0,f2_headline,7,"1,2,3,4,5,6,42",0.223003,0.224488,-0.001485,-0.003651,0.000268,5.0,0.15625,-0.6428571428571429,1.0
f2_fed_finetune_p10,f2_fed_finetune_p0,f2_headline,7,"1,2,3,4,5,6,42",0.222758,0.224488,-0.001730,-0.004240,0.000144,5.0,0.15625,-0.6428571428571429,1.0
f2_fed_ewc_p5,f2_fed_ewc_p0,f2_headline,7,"1,2,3,4,5,6,42",0.302186,0.307897,-0.005712,-0.018698,0.002939,10.0,0.578125,-0.2857142857142857,1.0
f2_fed_ewc_p10,f2_fed_ewc_p0,f2_headline,7,"1,2,3,4,5,6,42",0.300841,0.307897,-0.007056,-0.023224,0.004322,12.0,0.8125,-0.14285714285714285,1.0
f2_fed_derpp_p5,f2_fed_derpp_p0,f2_headline,7,"1,2,3,4,5,6,42",0.223044,0.224274,-0.001230,-0.003709,0.000572,12.0,0.8125,-0.14285714285714285,1.0
f2_fed_derpp_p10,f2_fed_derpp_p0,f2_headline,7,"1,2,3,4,5,6,42",0.222143,0.224274,-0.002131,-0.006111,0.000390,10.0,0.578125,-0.2857142857142857,1.0
f2_fed_finetune_p0,e1_finetune,fed_ablation,7,"1,2,3,4,5,6,42",0.224488,0.299096,-0.074608,-0.094166,-0.042928,1.0,0.03125,-0.9285714285714286,0.09375
f2_fed_ewc_p0,e1_ewc,fed_ablation,7,"1,2,3,4,5,6,42",0.307897,0.307054,0.000843,-0.063899,0.064798,13.0,0.9375,0.07142857142857142,0.9375
f2_fed_derpp_p0,e1_derpp,fed_ablation,7,"1,2,3,4,5,6,42",0.224274,0.274035,-0.049761,-0.072347,-0.024974,1.0,0.03125,-0.9285714285714286,0.09375
f4_fed_finetune_p5_sl,f2_fed_finetune_p5,f4_defense,7,"1,2,3,4,5,6,42",0.259046,0.223003,0.036043,0.006496,0.068341,4.0,0.109375,0.7142857142857143,0.328125
f4_fed_finetune_p10_sl,f2_fed_finetune_p10,f4_defense,7,"1,2,3,4,5,6,42",0.262132,0.222758,0.039373,0.009057,0.073093,3.0,0.078125,0.7857142857142857,0.3125
f4_fed_ewc_p5_sl,f2_fed_ewc_p5,f4_defense,7,"1,2,3,4,5,6,42",0.421326,0.302186,0.119141,0.070148,0.166512,0.0,0.015625,1.0,0.09375
f4_fed_ewc_p10_sl,f2_fed_ewc_p10,f4_defense,7,"1,2,3,4,5,6,42",0.421204,0.300841,0.120363,0.069324,0.167840,0.0,0.015625,1.0,0.09375
f4_fed_derpp_p5_sl,f2_fed_derpp_p5,f4_defense,7,"1,2,3,4,5,6,42",0.232434,0.223044,0.009390,-0.002605,0.020103,6.0,0.21875,0.5714285714285714,0.4375
f4_fed_derpp_p10_sl,f2_fed_derpp_p10,f4_defense,7,"1,2,3,4,5,6,42",0.229479,0.222143,0.007336,-0.003573,0.018595,7.0,0.296875,0.5,0.4375
f2_fed_derpp_p0_b100,f2_fed_derpp_p0,controls,7,"1,2,3,4,5,6,42",0.241832,0.224274,0.017558,-0.003162,0.044965,9.0,0.46875,0.35714285714285715,0.75
f2_fed_derpp_p0_b100,e1_derpp,controls,7,"1,2,3,4,5,6,42",0.241832,0.274035,-0.032204,-0.070959,0.015874,8.0,0.375,-0.42857142857142855,0.75
e1_finetune_frozen,e1_finetune,scaler_effect,7,"1,2,3,4,5,6,42",0.543903,0.299096,0.244807,0.233856,0.255836,0.0,0.015625,1.0,0.109375
e1_clean_rf,e1_clean,scaler_effect,7,"1,2,3,4,5,6,42",0.544447,0.318699,0.225748,0.201294,0.250966,0.0,0.015625,1.0,0.109375
e1_finetune_rf,e1_finetune,scaler_effect,7,"1,2,3,4,5,6,42",0.543903,0.299096,0.244807,0.233856,0.255836,0.0,0.015625,1.0,0.109375
e1_ewc_rf,e1_ewc,scaler_effect,7,"1,2,3,4,5,6,42",0.538067,0.307054,0.231013,0.211950,0.248443,0.0,0.015625,1.0,0.109375
e1_lwf_rf,e1_lwf,scaler_effect,7,"1,2,3,4,5,6,42",0.511292,0.574607,-0.063315,-0.081804,-0.047988,0.0,0.015625,-1.0,0.109375
e1_derpp_rf,e1_derpp,scaler_effect,7,"1,2,3,4,5,6,42",0.532685,0.274035,0.258649,0.242494,0.277132,0.0,0.015625,1.0,0.109375
e1_joint_rf,e1_joint,scaler_effect,7,"1,2,3,4,5,6,42",0.929636,0.968126,-0.038490,-0.040808,-0.036263,0.0,0.015625,-1.0,0.109375
e1_clean_c,e1_clean_rf,split_effect,7,"1,2,3,4,5,6,42",0.518885,0.544447,-0.025562,-0.032827,-0.014853,1.0,0.03125,-0.9285714285714286,0.09375
e1_finetune_c,e1_finetune_rf,split_effect,7,"1,2,3,4,5,6,42",0.511254,0.543903,-0.032649,-0.038217,-0.026336,0.0,0.015625,-1.0,0.078125
e1_ewc_c,e1_ewc_rf,split_effect,7,"1,2,3,4,5,6,42",0.513935,0.538067,-0.024132,-0.029713,-0.018405,0.0,0.015625,-1.0,0.078125
e1_lwf_c,e1_lwf_rf,split_effect,7,"1,2,3,4,5,6,42",0.509056,0.511292,-0.002236,-0.011562,0.008331,13.0,0.9375,-0.07142857142857142,0.9375
e1_derpp_c,e1_derpp_rf,split_effect,7,"1,2,3,4,5,6,42",0.514796,0.532685,-0.017889,-0.036895,0.006275,6.0,0.21875,-0.5714285714285714,0.4375
e1_ewc_c,e1_clean_c,chrono_single,12,"1,2,3,4,5,6,7,8,9,10,11,42",0.512290,0.516032,-0.003742,-0.011020,0.001991,29.0,0.4697265625,-0.2564102564102564,1.0
e1_finetune_c,e1_clean_c,chrono_single,12,"1,2,3,4,5,6,7,8,9,10,11,42",0.510580,0.516032,-0.005452,-0.013943,0.001749,27.0,0.38037109375,-0.3076923076923077,1.0
e1_derpp_c,e1_clean_c,chrono_single,12,"1,2,3,4,5,6,7,8,9,10,11,42",0.507874,0.516032,-0.008158,-0.020561,0.006869,18.0,0.10986328125,-0.5384615384615384,0.76904296875
e1_lwf_c,e1_clean_c,chrono_single,12,"1,2,3,4,5,6,7,8,9,10,11,42",0.508874,0.516032,-0.007158,-0.013131,-0.001787,11.0,0.02685546875,-0.717948717948718,0.21484375
e1_joint_c,e1_clean_c,chrono_single,12,"1,2,3,4,5,6,7,8,9,10,11,42",0.907008,0.516032,0.390975,0.384072,0.397162,0.0,0.00048828125,1.0,0.005859375
e2_labelflip_c,e1_clean_c,chrono_single,12,"1,2,3,4,5,6,7,8,9,10,11,42",0.513597,0.516032,-0.002435,-0.008514,0.002954,33.0,0.67724609375,-0.15384615384615385,1.0
e3_backdoor_c,e1_clean_c,chrono_single,12,"1,2,3,4,5,6,7,8,9,10,11,42",0.513952,0.516032,-0.002080,-0.006296,0.001423,27.0,0.38037109375,-0.3076923076923077,1.0
e4_novelty_c,e1_clean_c,chrono_single,12,"1,2,3,4,5,6,7,8,9,10,11,42",0.517304,0.516032,0.001272,-0.008676,0.010511,32.0,0.6220703125,0.1794871794871795,1.0
e4_novelty_anchor_c,e4_novelty_nopois_c,chrono_single,12,"1,2,3,4,5,6,7,8,9,10,11,42",0.497599,0.516903,-0.019304,-0.024262,-0.014164,0.0,0.00048828125,-1.0,0.005859375
e4_novelty_suppress_c,e1_clean_c,chrono_single,12,"1,2,3,4,5,6,7,8,9,10,11,42",0.519800,0.516032,0.003768,-0.006125,0.013810,29.0,0.4697265625,0.2564102564102564,1.0
e6_defense_smallloss_c,e2_labelflip_c,chrono_single,12,"1,2,3,4,5,6,7,8,9,10,11,42",0.527893,0.513597,0.014296,0.005483,0.024482,8.0,0.01220703125,0.7948717948717948,0.1220703125
e6_defense_knnconsist_c,e2_labelflip_c,chrono_single,12,"1,2,3,4,5,6,7,8,9,10,11,42",0.505185,0.513597,-0.008412,-0.013840,-0.002794,10.0,0.02099609375,-0.7435897435897436,0.18896484375
a1_buffer_1000_c,e2_labelflip_c,order_invariance,12,"1,2,3,4,5,6,7,8,9,10,11,42",0.517086,0.513597,0.003489,-0.002448,0.008866,23.0,0.2333984375,0.41025641025641024,0.2333984375
a3_order_alt_c,e2_labelflip_c,order_invariance,12,"1,2,3,4,5,6,7,8,9,10,11,42",0.455094,0.513597,-0.058503,-0.062648,-0.054622,0.0,0.00048828125,-1.0,0.00146484375
a3_order_rev_c,e2_labelflip_c,order_invariance,12,"1,2,3,4,5,6,7,8,9,10,11,42",0.447609,0.513597,-0.065989,-0.079135,-0.052087,0.0,0.00048828125,-1.0,0.00146484375
e1_finetune_gh,e1_finetune_c,head_strategy,12,"1,2,3,4,5,6,7,8,9,10,11,42",0.535326,0.510580,0.024746,0.018597,0.031168,0.0,0.00048828125,1.0,0.00048828125
f2_fed_ewc_p0_c,f2_fed_finetune_p0_c,f2_headline_c,12,"1,2,3,4,5,6,7,8,9,10,11,42",0.506100,0.469707,0.036393,0.023282,0.051265,0.0,0.00048828125,1.0,0.00439453125
f2_fed_derpp_p0_c,f2_fed_finetune_p0_c,f2_headline_c,12,"1,2,3,4,5,6,7,8,9,10,11,42",0.486958,0.469707,0.017251,0.004413,0.032714,13.0,0.04248046875,0.6666666666666666,0.33984375
f2_fed_er_p0_c,f2_fed_finetune_p0_c,f2_headline_c,7,"1,2,3,4,5,6,7",0.492083,0.496826,-0.004742,-0.015551,0.004807,10.0,0.578125,-0.2857142857142857,1.0
f2_fed_finetune_p5_c,f2_fed_finetune_p0_c,f2_headline_c,12,"1,2,3,4,5,6,7,8,9,10,11,42",0.469637,0.469707,-0.000070,-0.003037,0.003707,35.0,0.791015625,-0.10256410256410256,1.0
f2_fed_finetune_p10_c,f2_fed_finetune_p0_c,f2_headline_c,12,"1,2,3,4,5,6,7,8,9,10,11,42",0.471360,0.469707,0.001653,-0.001063,0.004868,35.0,0.791015625,0.10256410256410256,1.0
f2_fed_ewc_p5_c,f2_fed_ewc_p0_c,f2_headline_c,12,"1,2,3,4,5,6,7,8,9,10,11,42",0.507770,0.506100,0.001669,-0.003989,0.008637,27.0,0.38037109375,0.3076923076923077,1.0
f2_fed_ewc_p10_c,f2_fed_ewc_p0_c,f2_headline_c,12,"1,2,3,4,5,6,7,8,9,10,11,42",0.508163,0.506100,0.002062,-0.001457,0.007335,38.0,0.9697265625,0.02564102564102564,1.0
f2_fed_derpp_p5_c,f2_fed_derpp_p0_c,f2_headline_c,12,"1,2,3,4,5,6,7,8,9,10,11,42",0.486959,0.486958,0.000000,-0.002011,0.002407,26.0,0.33935546875,-0.3333333333333333,1.0
f2_fed_derpp_p10_c,f2_fed_derpp_p0_c,f2_headline_c,12,"1,2,3,4,5,6,7,8,9,10,11,42",0.485925,0.486958,-0.001033,-0.002956,0.000426,32.0,0.6220703125,-0.1794871794871795,1.0
f2_fed_finetune_p0_c,e1_finetune_c,fed_ablation_c,12,"1,2,3,4,5,6,7,8,9,10,11,42",0.469707,0.510580,-0.040873,-0.101011,0.003067,31.0,0.5693359375,-0.20512820512820512,1.0
f2_fed_ewc_p0_c,e1_ewc_c,fed_ablation_c,12,"1,2,3,4,5,6,7,8,9,10,11,42",0.506100,0.512290,-0.006190,-0.068330,0.032772,24.0,0.26611328125,0.38461538461538464,1.0
f2_fed_derpp_p0_c,e1_derpp_c,fed_ablation_c,12,"1,2,3,4,5,6,7,8,9,10,11,42",0.486958,0.507874,-0.020916,-0.080983,0.024553,37.0,0.90966796875,-0.05128205128205128,1.0
f2_fed_er_p0_c,e1_clean_c,fed_ablation_c,7,"1,2,3,4,5,6,7",0.492083,0.516456,-0.024373,-0.067540,0.012939,10.0,0.578125,-0.2857142857142857,1.0
bz_ft_sf_fedavg_c,f2_fed_finetune_p0_c,byzantine_headline,12,"1,2,3,4,5,6,7,8,9,10,11,42",0.550143,0.469707,0.080436,0.034556,0.134048,7.0,0.00927734375,0.8205128205128205,0.07421875
bz_ft_lie_fedavg_c,f2_fed_finetune_p0_c,byzantine_headline,12,"1,2,3,4,5,6,7,8,9,10,11,42",0.452215,0.469707,-0.017492,-0.053544,0.015504,32.0,0.6220703125,-0.1794871794871795,1.0
bz_ft_sf_trim_c,bz_ft_sf_fedavg_c,byzantine_headline,12,"1,2,3,4,5,6,7,8,9,10,11,42",0.451782,0.550143,-0.098361,-0.181676,-0.030138,7.0,0.00927734375,-0.8205128205128205,0.07421875
bz_ft_sf_med_c,bz_ft_sf_fedavg_c,byzantine_headline,12,"1,2,3,4,5,6,7,8,9,10,11,42",0.444293,0.550143,-0.105850,-0.181853,-0.040187,1.0,0.0009765625,-0.9743589743589743,0.009765625
bz_ft_sf_krum_c,bz_ft_sf_fedavg_c,byzantine_headline,12,"1,2,3,4,5,6,7,8,9,10,11,42",0.350372,0.550143,-0.199771,-0.288606,-0.110754,3.0,0.00244140625,-0.9230769230769231,0.02197265625
bz_ft_sf_trust_c,bz_ft_sf_fedavg_c,byzantine_headline,12,"1,2,3,4,5,6,7,8,9,10,11,42",0.480532,0.550143,-0.069612,-0.133017,-0.016399,13.0,0.04248046875,-0.6666666666666666,0.169921875
bz_ft_lie_trim_c,bz_ft_lie_fedavg_c,byzantine_headline,12,"1,2,3,4,5,6,7,8,9,10,11,42",0.407170,0.452215,-0.045044,-0.096556,-0.002064,19.0,0.12939453125,-0.5128205128205128,0.38818359375
bz_ft_lie_med_c,bz_ft_lie_fedavg_c,byzantine_headline,12,"1,2,3,4,5,6,7,8,9,10,11,42",0.379876,0.452215,-0.072339,-0.127281,-0.022734,11.0,0.02685546875,-0.717948717948718,0.13427734375
bz_ft_lie_krum_c,bz_ft_lie_fedavg_c,byzantine_headline,12,"1,2,3,4,5,6,7,8,9,10,11,42",0.351697,0.452215,-0.100517,-0.175861,-0.029322,10.0,0.02099609375,-0.7435897435897436,0.1259765625
bz_ft_lie_trust_c,bz_ft_lie_fedavg_c,byzantine_headline,3,"1,2,3",0.537908,0.516433,0.021475,-0.003187,0.052739,1.0,0.5,0.6666666666666666,1.0
f2_fed_ewc_p0_l0_c,f2_fed_ewc_p0_c,mechanism,12,"1,2,3,4,5,6,7,8,9,10,11,42",0.472353,0.506100,-0.033747,-0.050052,-0.019241,0.0,0.00048828125,-1.0,0.0009765625
f2_fed_ewc_p0_l1000_c,f2_fed_ewc_p0_c,mechanism,12,"1,2,3,4,5,6,7,8,9,10,11,42",0.508538,0.506100,0.002438,-0.008172,0.011231,27.0,0.38037109375,0.3076923076923077,0.38037109375
f2_fed_ft_p5_m2_c,f2_fed_finetune_p5_c,breaking_point,12,"1,2,3,4,5,6,7,8,9,10,11,42",0.470309,0.469637,0.000671,-0.002161,0.003756,38.0,0.9697265625,0.02564102564102564,1.0
f2_fed_ft_p5_m3_c,f2_fed_finetune_p5_c,breaking_point,12,"1,2,3,4,5,6,7,8,9,10,11,42",0.466285,0.469637,-0.003352,-0.009470,0.001863,32.0,0.6220703125,-0.1794871794871795,1.0
f2_fed_ewc_p5_m2_c,f2_fed_ewc_p5_c,breaking_point,12,"1,2,3,4,5,6,7,8,9,10,11,42",0.506939,0.507770,-0.000831,-0.006006,0.002860,38.0,0.9697265625,-0.02564102564102564,1.0
f2_fed_ewc_p5_m3_c,f2_fed_ewc_p5_c,breaking_point,12,"1,2,3,4,5,6,7,8,9,10,11,42",0.508189,0.507770,0.000419,-0.008001,0.009814,39.0,1.0,0.0,1.0
f2_fed_ft_p20_c,f2_fed_finetune_p10_c,breaking_point,12,"1,2,3,4,5,6,7,8,9,10,11,42",0.467649,0.471360,-0.003711,-0.008246,-0.000312,7.0,0.07421875,-0.6888888888888889,0.51953125
f2_fed_ft_p40_c,f2_fed_finetune_p10_c,breaking_point,12,"1,2,3,4,5,6,7,8,9,10,11,42",0.467929,0.471360,-0.003431,-0.008568,-0.000098,9.0,0.12890625,-0.6,0.7734375
f2_fed_ewc_p40_c,f2_fed_ewc_p10_c,breaking_point,4,"1,2,3,4",0.536189,0.539413,-0.003224,-0.010987,0.001576,3.0,0.625,-0.4,1.0
e2_persist_er_c,e1_clean_c,persistent_attack,12,"1,2,3,4,5,6,7,8,9,10,11,42",0.519550,0.516032,0.003518,-0.001948,0.008434,17.0,0.09228515625,0.5641025641025641,0.1845703125
e2_persist_ft_c,e1_finetune_c,persistent_attack,12,"1,2,3,4,5,6,7,8,9,10,11,42",0.511730,0.510580,0.001150,-0.001642,0.003855,31.0,0.5693359375,0.20512820512820512,0.5693359375
e2_persist_ewc_c,e1_ewc_c,persistent_attack,12,"1,2,3,4,5,6,7,8,9,10,11,42",0.520524,0.512290,0.008234,0.002977,0.014659,9.0,0.01611328125,0.7692307692307693,0.04833984375
e2_adaptive_c,e2_labelflip_c,adaptive_attack,12,"1,2,3,4,5,6,7,8,9,10,11,42",0.516462,0.513597,0.002864,-0.000690,0.006217,18.0,0.10986328125,0.5384615384615384,0.32958984375
e6_adaptive_sl_c,e6_defense_smallloss_c,adaptive_attack,12,"1,2,3,4,5,6,7,8,9,10,11,42",0.522789,0.527893,-0.005104,-0.009937,-0.000168,18.0,0.10986328125,-0.5384615384615384,0.32958984375
e6_knnadapt_knn_c,e6_defense_knnconsist_c,adaptive_attack,3,"1,2,3",0.504326,0.508129,-0.003804,-0.016040,0.002845,3.0,1.0,0.0,1.0
u_e1_ewc,u_e1_clean,unsw_single,12,"1,2,3,4,5,6,7,8,9,10,11,42",0.526920,0.528469,-0.001549,-0.004474,0.001337,24.0,0.26611328125,-0.38461538461538464,0.79833984375
u_e1_finetune,u_e1_clean,unsw_single,12,"1,2,3,4,5,6,7,8,9,10,11,42",0.528740,0.528469,0.000270,-0.002135,0.002879,38.0,0.9697265625,-0.02564102564102564,1.0
u_e1_derpp,u_e1_clean,unsw_single,12,"1,2,3,4,5,6,7,8,9,10,11,42",0.528848,0.528469,0.000379,-0.002297,0.002978,38.0,0.9697265625,-0.02564102564102564,1.0
u_e1_lwf,u_e1_clean,unsw_single,12,"1,2,3,4,5,6,7,8,9,10,11,42",0.664670,0.528469,0.136201,0.130185,0.141729,0.0,0.00048828125,1.0,0.00244140625
u_e1_joint,u_e1_clean,unsw_single,12,"1,2,3,4,5,6,7,8,9,10,11,42",0.637073,0.528469,0.108604,0.091375,0.125747,0.0,0.00048828125,1.0,0.00244140625
u_f2_fed_ewc_p0,u_f2_fed_finetune_p0,unsw_headline,12,"1,2,3,4,5,6,7,8,9,10,11,42",0.520985,0.519193,0.001793,-0.000255,0.004763,15.0,0.42578125,0.3333333333333333,1.0
u_f2_fed_derpp_p0,u_f2_fed_finetune_p0,unsw_headline,12,"1,2,3,4,5,6,7,8,9,10,11,42",0.529619,0.519193,0.010426,0.001675,0.023315,0.0,0.0009765625,1.0,0.0107421875
u_f2_fed_finetune_p1,u_f2_fed_finetune_p0,unsw_headline,12,"1,2,3,4,5,6,7,8,9,10,11,42",0.519137,0.519193,-0.000056,-0.000129,0.000004,2.0,0.1875,-0.7333333333333333,1.0
u_f2_fed_finetune_p5,u_f2_fed_finetune_p0,unsw_headline,12,"1,2,3,4,5,6,7,8,9,10,11,42",0.519037,0.519193,-0.000156,-0.000391,-0.000001,4.0,0.109375,-0.7142857142857143,0.765625
u_f2_fed_finetune_p10,u_f2_fed_finetune_p0,unsw_headline,12,"1,2,3,4,5,6,7,8,9,10,11,42",0.519033,0.519193,-0.000160,-0.000381,-0.000011,5.5,0.04296875,-0.7555555555555555,0.34375
u_f2_fed_ewc_p5,u_f2_fed_ewc_p0,unsw_headline,12,"1,2,3,4,5,6,7,8,9,10,11,42",0.520505,0.520985,-0.000480,-0.003825,0.002420,7.0,0.296875,-0.5,1.0
u_f2_fed_ewc_p10,u_f2_fed_ewc_p0,unsw_headline,12,"1,2,3,4,5,6,7,8,9,10,11,42",0.520506,0.520985,-0.000480,-0.003834,0.002440,5.0,0.3125,-0.5238095238095238,1.0
u_f2_fed_derpp_p5,u_f2_fed_derpp_p0,unsw_headline,12,"1,2,3,4,5,6,7,8,9,10,11,42",0.526463,0.529619,-0.003156,-0.008805,-0.000111,9.5,0.0341796875,-0.7121212121212122,0.3076171875
u_f2_fed_derpp_p10,u_f2_fed_derpp_p0,unsw_headline,5,"1,2,3,4,5",0.523930,0.523980,-0.000050,-0.000653,0.000551,4.0,0.875,-0.2,1.0
u_f2_fed_finetune_p0,u_e1_finetune,unsw_headline,12,"1,2,3,4,5,6,7,8,9,10,11,42",0.519193,0.528740,-0.009547,-0.011188,-0.007482,0.0,0.00048828125,-1.0,0.005859375
u_f2_fed_ewc_p0,u_e1_ewc,unsw_headline,12,"1,2,3,4,5,6,7,8,9,10,11,42",0.520985,0.526920,-0.005935,-0.008616,-0.002789,7.0,0.00927734375,-0.8205128205128205,0.0927734375
u_f2_fed_derpp_p0,u_e1_derpp,unsw_headline,12,"1,2,3,4,5,6,7,8,9,10,11,42",0.529619,0.528848,0.000771,-0.007663,0.013039,24.0,0.26611328125,-0.38461538461538464,1.0
ar_ft_wide_clean_c,e1_finetune_c,architecture,12,"1,2,3,4,5,6,7,8,9,10,11,42",0.527504,0.510580,0.016923,0.008948,0.024544,4.0,0.00341796875,0.8974358974358975,0.03076171875
ar_ft_tr_clean_c,e1_finetune_c,architecture,12,"1,2,3,4,5,6,7,8,9,10,11,42",0.538882,0.510580,0.028302,0.014003,0.043493,1.0,0.0009765625,0.9743589743589743,0.01171875
ar_ewc_wide_clean_c,e1_ewc_c,architecture,12,"1,2,3,4,5,6,7,8,9,10,11,42",0.525221,0.512290,0.012931,0.006398,0.019599,3.0,0.00244140625,0.9230769230769231,0.0244140625
ar_ewc_tr_clean_c,e1_ewc_c,architecture,12,"1,2,3,4,5,6,7,8,9,10,11,42",0.533572,0.512290,0.021282,0.005516,0.038226,16.0,0.0771484375,0.5897435897435898,0.462890625
ar_derpp_wide_clean_c,e1_derpp_c,architecture,12,"1,2,3,4,5,6,7,8,9,10,11,42",0.517309,0.507874,0.009434,-0.001890,0.017781,13.0,0.04248046875,0.6666666666666666,0.29736328125
ar_derpp_tr_clean_c,e1_derpp_c,architecture,12,"1,2,3,4,5,6,7,8,9,10,11,42",0.553913,0.507874,0.046039,0.030592,0.060812,1.0,0.0009765625,0.9743589743589743,0.01171875
ar_ft_wide_p5_c,ar_ft_wide_clean_c,architecture,12,"1,2,3,4,5,6,7,8,9,10,11,42",0.530242,0.527504,0.002738,-0.003832,0.009831,35.0,0.791015625,0.10256410256410256,1.0
ar_ft_tr_p5_c,ar_ft_tr_clean_c,architecture,12,"1,2,3,4,5,6,7,8,9,10,11,42",0.528457,0.538882,-0.010425,-0.022576,0.000492,23.0,0.2333984375,-0.41025641025641024,1.0
ar_ewc_wide_p5_c,ar_ewc_wide_clean_c,architecture,12,"1,2,3,4,5,6,7,8,9,10,11,42",0.527216,0.525221,0.001995,-0.002424,0.007345,35.0,0.791015625,0.10256410256410256,1.0
ar_ewc_tr_p5_c,ar_ewc_tr_clean_c,architecture,12,"1,2,3,4,5,6,7,8,9,10,11,42",0.527268,0.533572,-0.006304,-0.019439,0.007690,22.0,0.20361328125,-0.4358974358974359,1.0
ar_derpp_wide_p5_c,ar_derpp_wide_clean_c,architecture,12,"1,2,3,4,5,6,7,8,9,10,11,42",0.520173,0.517309,0.002864,-0.001886,0.007360,23.0,0.2333984375,0.41025641025641024,1.0
ar_derpp_tr_p5_c,ar_derpp_tr_clean_c,architecture,12,"1,2,3,4,5,6,7,8,9,10,11,42",0.537137,0.553913,-0.016776,-0.027482,-0.006703,11.0,0.02685546875,-0.717948717948718,0.21484375
